날짜,고급휘발유,보통휘발유,자동차용경유,실내등유,보휘-4w
2010-01-06,1712.71,1597.16,1373.69,917.94,
2010-01-13,1703.21,1583.76,1352.68,889.68,
2010-01-20,1667.09,1556.6,1317.67,859.49,
2010-01-27,1690.77,1570.51,1321.05,863.52,
2010-02-03,1690.33,1579.44,1327.14,862.33,-0.011095
2010-02-10,1679.33,1568.4,1328.53,854.38,-0.009698
2010-02-17,1683.33,1574.61,1334.09,858.88,0.01157
2010-02-24,1707.52,1599.75,1362.11,890.95,0.018618
2010-03-03,1725.14,1612.36,1375.26,898.51,0.020843
2010-03-10,1734.82,1620.3,1385.63,906.35,0.033091
2010-03-17,1722.69,1616.0,1378.0,902.66,0.026286
2010-03-24,1712.43,1604.81,1362.46,890.74,0.003163
2010-03-31,1741.92,1637.76,1406.9,933.45,0.015753
2010-04-07,1749.2,1643.46,1423.42,952.97,0.014294
2010-04-14,1738.81,1633.59,1420.85,950.24,0.010885
2010-04-21,1729.67,1615.59,1401.8,932.88,0.006717
2010-04-28,1743.7,1644.65,1435.37,965.55,0.004207
2010-05-05,1745.18,1633.35,1436.79,964.54,-0.006152
2010-05-12,1707.81,1602.87,1410.0,935.26,-0.018805
2010-05-19,1665.2,1564.64,1366.65,894.06,-0.031536
2010-05-26,1675.58,1568.35,1368.17,900.14,-0.046393
2010-06-02,1700.01,1598.92,1399.44,937.71,-0.021079
2010-06-09,1714.42,1612.85,1414.59,948.9,0.006226
2010-06-16,1727.69,1621.28,1417.99,950.64,0.0362
2010-06-23,1711.72,1615.57,1410.13,944.08,0.030108
2010-06-30,1716.28,1618.16,1424.84,955.24,0.012033
2010-07-07,1685.12,1589.63,1387.97,915.16,-0.014397
2010-07-14,1687.61,1589.89,1383.59,911.56,-0.019361
2010-07-21,1686.76,1584.29,1374.34,908.35,-0.019362
2010-07-28,1698.69,1604.92,1411.0,943.53,-0.008182
2010-08-04,1705.37,1608.32,1420.32,953.48,0.011757
2010-08-11,1687.97,1588.82,1401.52,931.35,-0.000673
2010-08-18,1658.09,1561.91,1367.36,893.44,-0.014126
2010-08-25,1660.57,1556.74,1358.49,890.96,-0.03002
2010-09-01,1690.56,1582.35,1403.63,929.31,-0.016147
2010-09-08,1674.83,1575.66,1390.29,926.28,-0.008283
2010-09-15,1677.71,1574.1,1384.3,919.73,0.007805
2010-09-22,1669.16,1562.61,1364.28,903.39,0.003771
2010-09-29,1687.09,1586.44,1400.82,934.45,0.002585
2010-10-06,1701.54,1601.78,1422.63,961.07,0.016577
2010-10-13,1718.72,1615.47,1426.51,967.48,0.026282
2010-10-20,1696.9,1593.64,1395.47,936.07,0.019858
2010-10-27,1698.81,1592.92,1395.54,940.01,0.004085
2010-11-03,1715.01,1613.15,1426.05,967.78,0.007098
2010-11-10,1726.96,1621.9,1434.26,980.56,0.00398
2010-11-17,1734.83,1629.38,1433.65,967.9,0.022427
2010-11-24,1738.63,1627.49,1425.58,967.34,0.021702
2010-12-01,1781.02,1673.19,1477.48,1022.99,0.037219
2010-12-08,1813.46,1705.32,1508.28,1047.78,0.051434
2010-12-15,1793.96,1714.2,1510.47,1049.69,0.052057
2010-12-22,1804.67,1696.71,1486.03,1023.4,0.042532
2010-12-29,1862.8,1733.4,1520.1,1059.55,0.035985
2011-01-05,1854.68,1740.35,1536.16,1068.98,0.020542
2011-01-12,1852.28,1737.52,1537.04,1076.36,0.013604
2011-01-19,1851.87,1737.03,1539.13,1088.29,0.023764
2011-01-26,1835.13,1721.72,1526.04,1076.05,-0.006738
2011-02-02,1855.95,1745.47,1555.48,1114.39,0.002942
2011-02-09,1855.41,1741.77,1571.76,1108.62,0.002446
2011-02-16,1862.95,1753.65,1587.59,1106.77,0.009568
2011-02-23,1889.47,1789.89,1618.31,1137.37,0.039594
2011-03-02,1961.27,1841.81,1680.88,1189.34,0.055194
2011-03-09,1966.39,1847.18,1689.94,1206.4,0.060519
2011-03-16,1948.27,1834.77,1699.31,1217.94,0.046258
2011-03-23,1929.13,1831.61,1695.22,1214.7,0.023309
2011-03-30,1954.81,1817.26,1689.62,1227.33,-0.013329
2011-04-06,1937.72,1814.87,1689.57,1233.94,-0.017492
2011-04-13,1936.56,1813.49,1687.62,1244.62,-0.011598
2011-04-20,1938.56,1824.01,1675.97,1229.43,-0.004149
2011-04-27,1974.17,1846.04,1682.93,1266.8,0.015837
2011-05-04,1954.44,1838.2,1628.4,1232.68,0.012855
2011-05-11,1920.07,1801.22,1589.46,1205.5,-0.006766
2011-05-18,1885.95,1771.5,1588.27,1189.27,-0.028788
2011-05-25,1875.46,1762.01,1585.98,1174.37,-0.045519
2011-06-01,1896.92,1768.65,1598.44,1200.36,-0.037836
2011-06-08,1883.04,1784.18,1624.56,1211.82,-0.00946
2011-06-15,1883.28,1785.26,1633.01,1219.37,0.007767
2011-06-22,1883.4,1763.95,1592.67,1187.65,0.001101
2011-06-29,1879.35,1761.75,1591.25,1174.76,-0.003901
2011-07-06,1916.21,1811.06,1624.68,1179.19,0.015066
2011-07-13,1923.78,1833.23,1651.25,1191.51,0.02687
2011-07-20,1922.82,1825.21,1652.32,1192.21,0.034729
2011-07-27,1941.12,1829.67,1649.47,1195.83,0.038553
2011-08-03,1920.05,1821.97,1634.0,1177.01,0.006024
2011-08-10,1895.0,1802.09,1608.15,1152.35,-0.016986
2011-08-17,1900.13,1807.89,1599.75,1148.04,-0.009489
2011-08-24,1912.48,1808.09,1584.89,1140.83,-0.011794
2011-08-31,1964.86,1865.61,1641.5,1182.71,0.023952
2011-09-07,1961.84,1860.08,1632.1,1163.14,0.032179
2011-09-14,1969.42,1863.54,1636.29,1169.06,0.030782
2011-09-21,1968.53,1864.89,1639.08,1171.92,0.031414
2011-09-28,1992.42,1891.02,1676.74,1209.07,0.01362
2011-10-05,1999.5,1897.97,1670.68,1211.22,0.02037
2011-10-12,2007.39,1903.13,1670.28,1219.36,0.021245
2011-10-19,1971.95,1872.38,1650.63,1204.39,0.004016
2011-10-26,1958.36,1850.28,1639.34,1192.59,-0.021544
2011-11-02,1934.12,1832.31,1684.41,1224.97,-0.034595
2011-11-09,1929.22,1827.01,1698.88,1230.49,-0.039997
2011-11-16,1899.99,1793.26,1706.61,1233.58,-0.042256
2011-11-23,1869.54,1759.75,1667.27,1201.92,-0.048928
2011-11-30,1895.34,1785.92,1692.56,1227.19,-0.025318
2011-12-07,1888.82,1783.29,1659.8,1191.17,-0.02393
2011-12-14,1899.83,1798.18,1669.61,1195.63,0.002744
2011-12-21,1892.28,1781.95,1629.95,1173.96,0.012615
2011-12-28,1958.79,1841.99,1695.54,1215.93,0.031396
2012-01-04,1987.17,1870.03,1722.91,1233.86,0.04864
2012-01-11,1998.43,1893.25,1746.22,1255.34,0.05287
2012-01-18,1992.01,1881.37,1725.78,1233.64,0.055793
2012-01-25,1981.16,1859.65,1695.83,1203.13,0.009587
2012-02-01,2009.36,1891.73,1720.02,1226.53,0.011604
2012-02-08,2011.83,1899.27,1723.23,1228.59,0.00318
2012-02-15,2046.78,1932.37,1748.53,1261.05,0.027108
2012-02-22,2046.13,1923.3,1725.2,1243.43,0.034227
2012-02-29,2065.83,1959.49,1759.77,1287.12,0.035819
2012-03-07,2072.03,1956.91,1744.12,1265.68,0.030349
2012-03-14,2070.07,1961.16,1747.75,1267.34,0.014899
2012-03-21,2067.54,1957.04,1742.25,1265.14,0.017543
2012-03-28,2106.36,1997.45,1783.14,1307.94,0.019372
2012-04-04,2091.13,1987.03,1766.28,1289.72,0.015392
2012-04-11,2076.33,1973.05,1754.68,1277.42,0.006063
2012-04-18,2035.2,1937.51,1723.79,1257.77,-0.009979
2012-04-25,2037.95,1922.76,1711.19,1242.69,-0.037393
2012-05-02,2018.59,1922.21,1723.21,1251.72,-0.032622
2012-05-09,1979.64,1876.34,1678.68,1209.38,-0.049015
2012-05-16,1968.1,1871.18,1683.15,1210.78,-0.034235
2012-05-23,1964.39,1848.66,1656.36,1183.44,-0.038538
2012-05-30,1968.93,1870.59,1682.97,1209.58,-0.026855
2012-06-06,1915.76,1818.27,1640.82,1164.47,-0.030949
2012-06-13,1882.71,1789.21,1635.52,1151.51,-0.043807
2012-06-20,1810.29,1703.96,1564.75,1092.62,-0.078273
2012-06-27,1829.99,1730.69,1607.17,1122.23,-0.074789
2012-07-04,1876.7,1765.64,1628.68,1143.26,-0.028945
2012-07-11,1903.75,1796.16,1656.37,1170.0,0.003884
2012-07-18,1927.42,1824.87,1665.21,1187.36,0.070958
2012-07-25,1926.13,1819.98,1649.31,1174.91,0.051592
2012-08-01,1970.54,1867.57,1695.33,1218.0,0.05773
2012-08-08,2020.74,1911.45,1717.2,1237.25,0.064187
2012-08-15,2051.61,1951.08,1762.32,1278.52,0.069161
2012-08-22,2004.43,1897.45,1713.27,1239.45,0.042566
2012-08-29,2019.4,1907.48,1768.86,1291.79,0.02137
2012-09-05,2002.87,1896.06,1774.88,1307.15,-0.008051
2012-09-12,1997.88,1888.5,1752.39,1286.75,-0.032075
2012-09-19,1958.54,1859.86,1701.9,1239.85,-0.019811
2012-09-26,1954.15,1830.37,1645.2,1219.64,-0.040425
2012-10-03,1999.07,1885.97,1721.4,1259.37,-0.005322
2012-10-10,2011.81,1891.26,1720.7,1258.62,0.001461
2012-10-17,1950.16,1838.8,1691.53,1224.03,-0.011323
2012-10-24,1899.73,1772.02,1635.56,1180.23,-0.031879
2012-10-31,1923.55,1806.64,1686.98,1218.51,-0.042063
2012-11-07,1903.46,1789.57,1647.35,1171.52,-0.053768
2012-11-14,1918.18,1806.42,1651.23,1182.32,-0.017609
2012-11-21,1934.71,1805.51,1627.9,1159.81,0.018899
2012-11-28,1948.07,1823.43,1665.57,1189.39,0.009293
2012-12-05,1923.71,1805.77,1663.15,1178.75,0.009052
2012-12-12,1910.26,1799.57,1647.72,1164.12,-0.003792
2012-12-19,1899.18,1785.11,1622.59,1158.06,-0.011299
2012-12-26,1909.15,1780.27,1602.36,1143.52,-0.02367
2013-01-02,1953.25,1834.49,1658.94,1197.86,0.015905
2013-01-09,1945.81,1829.6,1661.94,1207.5,0.016687
2013-01-16,1918.37,1813.35,1647.39,1199.61,0.01582
2013-01-23,1925.31,1810.95,1630.66,1176.65,0.017233
2013-01-30,1990.41,1878.61,1687.95,1236.35,0.02405
2013-02-06,2040.53,1921.37,1730.38,1266.57,0.050159
2013-02-13,2042.15,1936.44,1733.85,1278.92,0.06788
2013-02-20,2000.68,1890.46,1679.0,1221.96,0.043905
2013-02-27,2013.78,1905.13,1707.1,1247.76,0.014117
2013-03-06,1980.1,1869.75,1649.32,1198.91,-0.026866
2013-03-13,1968.84,1861.17,1650.89,1194.04,-0.03887
2013-03-20,1949.44,1831.25,1614.59,1159.38,-0.03132
2013-03-27,1982.62,1838.54,1616.03,1152.27,-0.034953
2013-04-03,1962.08,1850.59,1652.97,1185.39,-0.010247
2013-04-10,1924.0,1806.12,1619.52,1152.54,-0.029578
2013-04-17,1862.88,1755.51,1570.95,1111.75,-0.04136
2013-04-24,1861.04,1749.68,1560.0,1091.83,-0.048332
2013-05-01,1918.85,1787.74,1598.43,1131.94,-0.033962
2013-05-08,1903.54,1790.26,1608.01,1130.81,-0.008781
2013-05-15,1913.54,1806.89,1615.12,1139.38,0.029268
2013-05-22,1889.05,1766.6,1573.94,1103.18,0.00967
2013-05-29,1943.88,1815.66,1612.85,1137.72,0.015617
2013-06-05,1938.59,1830.84,1624.15,1149.34,0.022667
2013-06-12,1950.84,1842.24,1640.69,1156.24,0.019564
2013-06-19,1916.2,1806.42,1608.99,1127.86,0.02254
2013-06-26,1942.35,1819.68,1611.23,1137.66,0.002214
2013-07-03,1972.85,1857.91,1658.36,1180.0,0.014786
2013-07-10,1994.78,1878.97,1670.32,1191.38,0.019938
2013-07-17,1977.65,1875.48,1654.65,1186.66,0.03823
2013-07-24,1934.54,1805.25,1611.46,1147.58,-0.00793
2013-07-31,1892.84,1808.91,1642.94,1194.8,-0.026374
2013-08-07,1912.06,1809.52,1644.79,1194.3,-0.036962
2013-08-14,1931.71,1828.7,1653.38,1207.91,-0.024943
2013-08-21,1907.91,1783.51,1600.04,1171.19,-0.012043
2013-08-28,1976.39,1836.2,1650.25,1208.89,0.015086
2013-09-04,1983.92,1853.32,1670.81,1218.21,0.024205
2013-09-11,1954.0,1821.82,1641.09,1189.65,-0.003762
2013-09-18,1911.34,1784.07,1598.74,1145.13,0.000314
2013-09-25,1893.4,1752.98,1567.47,1122.66,-0.045322
2013-10-02,1906.37,1781.86,1624.52,1158.22,-0.038558
2013-10-09,1931.77,1793.36,1644.8,1171.83,-0.015622
2013-10-16,1910.28,1780.53,1623.94,1156.39,-0.001984
2013-10-23,1848.96,1705.36,1547.63,1093.17,-0.027165
2013-10-30,1890.1,1746.5,1606.28,1151.51,-0.019844
2013-11-06,1877.44,1750.8,1610.05,1139.46,-0.023732
2013-11-13,1911.55,1772.11,1613.8,1147.33,-0.004729
2013-11-20,1881.08,1740.34,1579.11,1112.83,0.020512
2013-11-27,1915.93,1768.9,1622.93,1151.51,0.012826
2013-12-04,1932.37,1794.8,1652.94,1178.5,0.025131
2013-12-11,1934.04,1798.3,1639.57,1174.46,0.014779
2013-12-18,1884.47,1759.14,1600.25,1142.38,0.010802
2013-12-25,1913.04,1747.19,1574.39,1119.71,-0.012273
2014-01-01,1926.51,1785.84,1612.82,1157.72,-0.004992
2014-01-08,1918.75,1783.06,1608.55,1138.79,-0.008475
2014-01-15,1920.17,1780.52,1598.99,1130.47,0.012154
2014-01-22,1886.37,1734.41,1549.66,1087.85,-0.007315
2014-01-29,1944.72,1778.65,1602.32,1140.3,-0.004026
2014-02-05,1928.54,1787.02,1613.76,1144.85,0.002221
2014-02-12,1947.02,1800.95,1614.78,1141.7,0.011474
2014-02-19,1912.91,1769.1,1580.26,1110.68,0.020001
2014-02-26,1910.5,1793.19,1606.83,1141.56,0.008175
2014-03-05,1935.63,1802.01,1610.58,1140.23,0.008388
2014-03-12,1932.67,1796.08,1597.78,1118.41,-0.002704
2014-03-19,1900.97,1773.02,1569.15,1093.91,0.002216
2014-03-26,1915.89,1735.86,1554.15,1063.24,-0.031971
2014-04-02,1907.62,1774.52,1581.17,1101.62,-0.015255
2014-04-09,1925.67,1777.34,1580.57,1098.44,-0.010434
2014-04-16,1908.57,1771.94,1564.73,1087.11,-0.000609
2014-04-23,1908.84,1759.76,1550.38,1071.24,0.013768
2014-04-30,1911.32,1768.38,1568.64,1095.24,-0.00346
2014-05-07,1906.28,1761.56,1563.77,1081.73,-0.008878
2014-05-14,1909.46,1766.42,1560.24,1079.32,-0.003115
2014-05-21,1881.9,1735.73,1529.29,1038.65,-0.013655
2014-05-28,1917.54,1768.94,1551.34,1056.79,0.000317
2014-06-04,1903.01,1760.03,1542.6,1058.77,-0.000869
2014-06-11,1890.8,1756.33,1535.82,1053.78,-0.005712
2014-06-18,1884.3,1750.9,1536.16,1059.91,0.00874
2014-06-25,1916.49,1758.57,1529.94,1024.82,-0.005862
2014-07-02,1934.05,1794.19,1552.97,1029.16,0.019409
2014-07-09,1904.56,1773.46,1529.15,1017.51,0.009753
2014-07-16,1902.41,1762.53,1523.03,1014.18,0.006642
2014-07-23,1862.25,1722.45,1491.59,987.04,-0.020539
2014-07-30,1857.31,1730.73,1526.91,1019.04,-0.03537
2014-08-06,1830.83,1704.92,1519.34,1014.66,-0.038648
2014-08-13,1823.53,1690.77,1506.16,1003.82,-0.040714
2014-08-20,1796.87,1666.43,1475.01,976.37,-0.032523
2014-08-27,1837.56,1677.68,1488.94,983.79,-0.030652
2014-09-03,1831.07,1694.78,1503.05,991.56,-0.005947
2014-09-10,1823.29,1681.8,1485.77,984.86,-0.005305
2014-09-17,1816.19,1672.9,1472.08,965.92,0.003883
2014-09-24,1815.08,1661.92,1453.95,952.93,-0.009394
2014-10-01,1831.1,1695.03,1484.55,980.1,0.000148
2014-10-08,1802.85,1664.73,1459.91,952.61,-0.01015
2014-10-15,1754.14,1623.3,1427.25,923.15,-0.029649
2014-10-22,1733.51,1585.47,1385.21,884.11,-0.046001
2014-10-29,1737.8,1620.72,1422.71,923.47,-0.04384
2014-11-05,1727.53,1609.48,1417.47,919.74,-0.033189
2014-11-12,1720.84,1585.53,1399.1,910.46,-0.023267
2014-11-19,1695.22,1553.68,1368.57,878.53,-0.020051
2014-11-26,1692.79,1535.92,1349.19,867.81,-0.052322
2014-12-03,1635.52,1504.7,1327.17,836.46,-0.065102
2014-12-10,1590.63,1449.46,1284.7,793.91,-0.08582
2014-12-17,1537.47,1416.51,1257.62,764.38,-0.088287
2014-12-24,1544.17,1379.9,1215.17,718.63,-0.101581
2014-12-31,1532.99,1382.63,1223.16,726.12,-0.081126
2015-01-07,1462.34,1317.23,1159.08,657.13,-0.091227
2015-01-14,1443.67,1302.31,1152.88,645.44,-0.080621
2015-01-21,1416.24,1259.02,1106.59,605.7,-0.087601
2015-01-28,1496.69,1321.74,1154.26,665.7,-0.044039
2015-02-04,1526.8,1380.85,1208.03,716.36,0.048298
2015-02-11,1557.61,1396.78,1224.4,729.93,0.07254
2015-02-18,1562.41,1390.81,1215.59,735.25,0.104677
2015-02-25,1599.92,1433.83,1253.58,761.2,0.084805
2015-03-04,1599.48,1446.07,1246.22,746.04,0.047232
2015-03-11,1579.09,1433.48,1226.98,719.27,0.026275
2015-03-18,1568.93,1412.94,1204.98,693.0,0.015912
2015-03-25,1578.51,1393.29,1185.03,649.79,-0.028274
2015-04-01,1554.64,1418.45,1208.44,697.21,-0.0191
2015-04-08,1568.05,1420.74,1210.83,689.94,-0.008887
2015-04-15,1599.7,1436.62,1224.74,706.39,0.016759
2015-04-22,1597.46,1430.63,1214.85,701.17,0.0268
2015-04-29,1646.47,1475.06,1249.08,736.15,0.03991
2015-05-06,1650.15,1498.68,1276.02,758.55,0.054859
2015-05-13,1639.57,1508.36,1277.43,762.83,0.049937
2015-05-20,1655.03,1496.1,1258.65,742.43,0.045763
2015-05-27,1652.6,1478.31,1237.53,730.29,0.002203
2015-06-03,1651.08,1515.09,1263.15,736.76,0.01095
2015-06-10,1662.85,1523.57,1260.57,741.0,0.010084
2015-06-17,1660.31,1511.02,1249.05,731.9,0.009973
2015-06-24,1648.34,1475.1,1215.04,705.46,-0.002171
2015-07-01,1638.48,1483.64,1222.6,708.84,-0.020758
2015-07-08,1612.4,1473.03,1203.29,684.29,-0.033172
2015-07-15,1634.23,1476.73,1209.33,695.68,-0.022693
2015-07-22,1604.0,1441.91,1166.0,665.13,-0.0225
2015-07-29,1604.22,1457.41,1177.18,667.29,-0.017679
2015-08-05,1567.57,1439.87,1152.38,640.76,-0.022511
2015-08-12,1603.61,1437.68,1154.78,642.62,-0.026444
2015-08-19,1539.07,1387.54,1113.77,612.17,-0.037707
2015-08-26,1535.05,1378.6,1120.55,607.48,-0.054075
2015-09-02,1552.47,1416.1,1171.17,651.55,-0.016508
2015-09-09,1559.21,1405.23,1164.58,649.01,-0.022571
2015-09-16,1538.78,1395.67,1153.83,642.19,0.005859
2015-09-23,1546.49,1382.59,1142.64,632.74,0.002894
2015-09-30,1564.86,1417.6,1171.39,661.12,0.001059
2015-10-07,1550.02,1397.13,1159.72,649.72,-0.005764
2015-10-14,1538.08,1382.34,1145.63,637.09,-0.009551
2015-10-21,1499.01,1339.32,1111.52,607.41,-0.031296
2015-10-28,1505.52,1358.7,1138.52,626.44,-0.041549
2015-11-04,1499.69,1343.75,1136.88,614.69,-0.038207
2015-11-11,1467.44,1332.78,1129.54,623.65,-0.035852
2015-11-18,1450.88,1312.76,1113.46,609.65,-0.019831
2015-11-25,1472.54,1306.67,1106.14,609.33,-0.038294
2015-12-02,1454.1,1313.77,1105.35,592.16,-0.022311
2015-12-09,1458.59,1304.67,1084.86,575.12,-0.021091
2015-12-16,1458.33,1302.08,1053.37,549.08,-0.008136
2015-12-23,1420.29,1273.16,1010.93,518.78,-0.025645
2015-12-30,1455.86,1308.92,1044.77,536.72,-0.003692
2016-01-06,1449.69,1291.74,1000.88,501.86,-0.009911
2016-01-13,1413.93,1262.1,964.68,470.12,-0.030705
2016-01-20,1393.49,1248.29,943.17,460.55,-0.019534
2016-01-27,1409.08,1251.33,977.97,471.86,-0.043998
2016-02-03,1398.87,1238.42,975.79,492.31,-0.041278
2016-02-10,1360.61,1215.76,980.65,494.73,-0.036717
2016-02-17,1398.56,1243.85,1010.04,505.54,-0.003557
2016-02-24,1390.65,1225.75,999.3,492.88,-0.020442
2016-03-02,1400.06,1268.37,1043.3,549.96,0.024184
2016-03-09,1439.65,1289.54,1057.02,549.04,0.060686
2016-03-16,1447.69,1295.93,1059.08,556.26,0.04187
2016-03-23,1435.32,1263.15,1006.06,520.96,0.030512
2016-03-30,1435.18,1286.67,1027.65,538.11,0.014428
2016-04-06,1426.47,1279.25,1022.79,528.0,-0.00798
2016-04-13,1425.08,1280.02,1033.34,531.69,-0.012277
2016-04-20,1440.01,1281.37,1045.97,548.32,0.014424
2016-04-27,1447.6,1299.61,1066.43,570.17,0.010057
2016-05-04,1457.18,1308.14,1085.66,582.14,0.022584
2016-05-11,1463.87,1321.98,1104.4,595.79,0.032781
2016-05-18,1480.49,1341.04,1117.86,608.08,0.046567
2016-05-25,1438.64,1315.17,1087.98,581.65,0.011973
2016-06-01,1522.73,1368.38,1154.21,660.42,0.04605
2016-06-08,1495.58,1349.82,1145.62,632.17,0.021059
2016-06-15,1495.16,1349.93,1151.51,639.56,0.006629
2016-06-22,1475.27,1317.94,1117.38,608.89,0.002106
2016-06-29,1497.97,1348.89,1155.54,640.0,-0.014243
2016-07-06,1480.66,1322.99,1138.92,620.88,-0.019877
2016-07-13,1441.22,1287.55,1106.69,593.3,-0.04621
2016-07-20,1408.53,1260.08,1067.77,574.4,-0.043902
2016-07-27,1427.83,1242.4,1054.03,557.24,-0.078946
2016-08-03,1417.89,1261.87,1063.16,571.9,-0.046198
2016-08-10,1408.83,1258.95,1061.29,573.13,-0.022213
2016-08-17,1470.3,1308.87,1102.83,587.83,0.03872
2016-08-24,1462.6,1296.54,1077.92,568.34,0.043577
2016-08-31,1483.77,1327.7,1102.37,595.29,0.052169
2016-09-07,1483.74,1328.58,1083.81,585.54,0.055308
2016-09-14,1477.23,1313.47,1079.98,581.91,0.003514
2016-09-21,1462.02,1306.8,1060.86,565.15,0.007913
2016-09-28,1523.07,1341.63,1102.6,598.5,0.010492
2016-10-05,1522.88,1355.09,1123.69,624.55,0.019954
2016-10-12,1519.33,1361.01,1138.01,634.28,0.036194
2016-10-19,1510.15,1353.59,1134.18,623.47,0.035805
2016-10-26,1533.84,1350.11,1131.74,628.46,0.006321
2016-11-02,1518.02,1352.63,1136.44,614.49,-0.001815
2016-11-09,1464.01,1320.46,1110.84,595.78,-0.029794
2016-11-16,1479.97,1327.47,1110.77,599.42,-0.019297
2016-11-23,1501.74,1336.37,1115.73,607.45,-0.010177
2016-11-30,1529.4,1379.41,1155.62,648.34,0.019798
2016-12-07,1549.52,1384.41,1162.1,658.83,0.04843
2016-12-14,1552.75,1407.49,1185.46,684.04,0.06028
2016-12-21,1573.14,1425.66,1203.9,702.45,0.066815
2016-12-28,1623.05,1456.35,1230.58,729.81,0.055777
2017-01-04,1624.95,1467.83,1241.74,728.93,0.060257
2017-01-11,1596.02,1442.68,1224.66,713.11,0.025002
2017-01-18,1560.01,1408.85,1171.57,670.25,-0.011791
2017-01-25,1552.03,1381.47,1153.71,644.05,-0.051416
2017-02-01,1552.2,1398.11,1174.16,663.32,-0.047499
2017-02-08,1548.05,1396.99,1177.89,665.08,-0.03167
2017-02-15,1588.65,1437.77,1215.69,705.28,0.020527
2017-02-22,1557.73,1408.75,1194.63,679.82,0.019747
2017-03-01,1564.89,1410.12,1209.88,695.57,0.00859
2017-03-08,1552.33,1393.79,1184.96,674.56,-0.002291
2017-03-15,1506.62,1368.74,1151.16,641.0,-0.048012
2017-03-22,1485.8,1324.51,1109.49,582.49,-0.059798
2017-03-29,1539.03,1378.5,1163.07,640.45,-0.022424
2017-04-05,1555.31,1395.72,1180.25,642.8,0.001385
2017-04-12,1561.76,1406.81,1188.88,667.02,0.027814
2017-04-19,1557.36,1402.98,1181.57,668.09,0.059245
2017-04-26,1561.37,1361.05,1137.79,603.66,-0.012659
2017-05-03,1510.62,1364.91,1148.65,629.16,-0.022075
2017-05-10,1521.6,1359.72,1139.75,618.42,-0.033473
2017-05-17,1521.83,1374.0,1154.03,638.77,-0.020656
2017-05-24,1520.18,1364.88,1135.72,606.91,0.002814
2017-05-31,1529.45,1364.51,1125.47,607.43,-0.000293
2017-06-07,1507.32,1348.63,1110.97,585.99,-0.008156
2017-06-14,1494.11,1341.68,1113.26,596.07,-0.023523
2017-06-21,1485.96,1324.3,1095.95,603.25,-0.029732
2017-06-28,1506.52,1359.2,1141.02,625.01,-0.003892
2017-07-05,1499.87,1341.92,1139.69,618.75,-0.004975
2017-07-12,1501.61,1339.48,1135.52,610.76,-0.00164
2017-07-19,1480.46,1341.86,1138.87,614.41,0.01326
2017-07-26,1509.85,1341.13,1136.44,616.08,-0.013295
2017-08-02,1540.7,1383.64,1181.17,649.79,0.03109
2017-08-09,1540.85,1381.16,1166.97,648.95,0.031117
2017-08-16,1542.77,1386.7,1157.57,643.13,0.033416
2017-08-23,1535.4,1375.25,1138.16,630.71,0.025441
2017-08-30,1565.73,1410.34,1160.26,652.44,0.019297
2017-09-06,1557.41,1407.73,1176.26,663.45,0.019237
2017-09-13,1560.65,1423.27,1199.64,677.2,0.026372
2017-09-20,1584.32,1417.52,1196.03,678.68,0.030736
2017-09-27,1590.64,1433.34,1209.73,688.15,0.016308
2017-10-04,1572.56,1419.97,1210.13,690.94,0.008695
2017-10-11,1553.88,1408.29,1199.25,678.33,-0.010525
2017-10-18,1528.97,1389.82,1184.4,675.9,-0.019541
2017-10-25,1553.77,1398.16,1197.39,679.15,-0.024544
2017-11-01,1600.5,1445.57,1231.42,723.35,0.018029
2017-11-08,1595.55,1447.56,1230.35,731.82,0.027885
2017-11-15,1614.7,1453.67,1235.43,729.69,0.045941
2017-11-22,1591.37,1442.3,1222.76,721.17,0.03157
2017-11-29,1611.92,1459.87,1246.62,742.57,0.009892
2017-12-06,1595.07,1453.33,1244.31,732.78,0.003986
2017-12-13,1591.96,1445.06,1237.08,730.36,-0.005923
2017-12-20,1587.74,1437.11,1214.37,712.46,-0.003598
2017-12-27,1615.66,1448.66,1237.83,743.36,-0.007679
2018-01-03,1618.52,1461.08,1262.94,751.39,0.005333
2018-01-10,1619.15,1465.46,1267.92,751.34,0.014117
2018-01-17,1600.94,1449.82,1256.4,752.38,0.008844
2018-01-24,1612.2,1465.85,1271.52,776.66,0.011866
2018-01-31,1613.76,1470.35,1280.37,771.12,0.006345
2018-02-07,1612.28,1461.45,1270.17,768.17,-0.002736
2018-02-14,1597.27,1449.38,1258.38,756.97,-0.000303
2018-02-21,1573.26,1421.05,1230.32,734.58,-0.030562
2018-02-28,1590.39,1452.62,1259.63,772.48,-0.012058
2018-03-07,1585.82,1438.7,1242.09,756.94,-0.015567
2018-03-14,1586.37,1438.86,1244.6,748.83,-0.007258
2018-03-21,1581.73,1425.61,1224.73,730.09,0.003209
2018-03-28,1617.36,1462.11,1272.48,773.62,0.006533
2018-04-04,1617.66,1466.08,1275.19,773.06,0.019031
2018-04-11,1618.72,1469.63,1282.55,778.21,0.021385
2018-04-18,1621.95,1474.91,1286.98,786.45,0.034582
2018-04-25,1624.41,1465.72,1269.18,781.45,0.002469
2018-05-02,1654.86,1509.04,1328.7,827.33,0.029303
2018-05-09,1654.85,1514.93,1331.48,829.58,0.030824
2018-05-16,1684.07,1544.86,1350.99,846.54,0.047427
2018-05-23,1668.71,1516.56,1308.38,808.81,0.034686
2018-05-30,1680.27,1532.11,1337.24,829.75,0.015288
2018-06-06,1656.09,1513.55,1320.62,812.63,-0.000911
2018-06-13,1656.6,1512.7,1322.68,814.02,-0.020817
2018-06-20,1627.34,1475.74,1284.37,783.28,-0.026916
2018-06-27,1655.16,1518.91,1334.6,832.45,-0.008616
2018-07-04,1665.8,1530.41,1345.12,835.81,0.011139
2018-07-11,1678.79,1534.94,1347.79,842.62,0.014702
2018-07-18,1659.26,1520.44,1334.49,825.46,0.03029
2018-07-25,1669.36,1512.73,1314.71,823.99,-0.004069
2018-08-01,1679.68,1540.17,1353.3,847.03,0.006377
2018-08-08,1680.94,1542.97,1350.99,837.88,0.005231
2018-08-15,1686.91,1543.41,1352.34,839.08,0.015107
2018-08-22,1670.92,1519.27,1316.79,816.35,0.004323
2018-08-29,1691.5,1561.79,1375.44,856.71,0.014037
2018-09-05,1717.65,1579.45,1394.88,877.24,0.023643
2018-09-12,1720.38,1576.23,1390.0,875.63,0.021265
2018-09-19,1715.81,1563.44,1374.48,861.73,0.029073
2018-09-26,1709.79,1570.8,1385.22,879.82,0.005769
2018-10-03,1747.85,1608.93,1441.68,913.52,0.018665
2018-10-10,1742.29,1606.07,1436.5,920.12,0.018931
2018-10-17,1717.0,1580.92,1416.44,900.77,0.01118
2018-10-24,1693.7,1548.58,1388.0,879.78,-0.014146
2018-10-31,1577.81,1443.22,1317.86,884.06,-0.102994
2018-11-07,1485.99,1357.85,1256.81,856.16,-0.154551
2018-11-14,1458.11,1318.68,1224.28,823.94,-0.165878
2018-11-21,1396.49,1235.1,1146.93,759.98,-0.202431
2018-11-28,1409.64,1261.05,1167.35,779.01,-0.126225
2018-12-05,1405.65,1246.14,1150.94,760.84,-0.08227
2018-12-12,1395.67,1235.19,1136.08,742.9,-0.063313
2018-12-19,1367.53,1212.15,1108.73,719.59,-0.018581
2018-12-26,1376.0,1189.38,1076.76,684.42,-0.056834
2019-01-02,1377.44,1223.75,1121.24,724.83,-0.017967
2019-01-09,1398.46,1237.53,1138.7,736.09,0.001894
2019-01-16,1408.08,1246.64,1148.69,744.36,0.028454
2019-01-23,1407.86,1236.36,1136.14,736.09,0.0395
2019-01-30,1390.11,1236.97,1151.37,741.7,0.010803
2019-02-06,1405.28,1248.06,1161.26,753.51,0.008509
2019-02-13,1424.52,1259.06,1169.4,761.76,0.009963
2019-02-20,1404.06,1257.5,1169.83,758.53,0.017099
2019-02-27,1440.89,1299.51,1209.69,796.32,0.050559
2019-03-06,1467.52,1316.1,1221.63,807.25,0.054517
2019-03-13,1479.98,1326.06,1215.12,798.33,0.053214
2019-03-20,1472.37,1320.95,1188.68,773.91,0.050457
2019-03-27,1473.59,1323.1,1178.74,784.87,0.018153
2019-04-03,1500.95,1365.75,1227.42,831.05,0.037725
2019-04-10,1533.97,1392.6,1234.98,828.87,0.050179
2019-04-17,1545.39,1409.0,1243.48,831.18,0.066657
2019-04-24,1538.39,1403.66,1227.68,817.01,0.060887
2019-05-01,1642.88,1465.65,1286.87,840.62,0.073147
2019-05-08,1643.27,1463.77,1292.52,841.4,0.051106
2019-05-15,1660.65,1474.15,1304.9,852.3,0.046238
2019-05-22,1644.29,1444.38,1270.27,811.5,0.02901
2019-05-29,1674.41,1448.03,1285.13,836.45,-0.012022
2019-06-05,1574.78,1392.68,1235.89,806.67,-0.048566
2019-06-12,1578.32,1384.25,1233.06,796.26,-0.060984
2019-06-19,1534.16,1369.29,1221.61,777.66,-0.051988
2019-06-26,1585.96,1362.9,1205.39,780.4,-0.05879
2019-07-03,1612.42,1416.69,1260.42,811.14,0.01724
2019-07-10,1595.09,1426.9,1265.22,809.91,0.030811
2019-07-17,1618.87,1443.23,1266.85,810.76,0.053999
2019-07-24,1593.92,1407.41,1240.31,790.59,0.032658
2019-07-31,1596.63,1413.43,1264.81,814.41,-0.002301
2019-08-07,1583.09,1402.82,1253.01,800.83,-0.016876
2019-08-14,1558.34,1398.31,1251.49,800.36,-0.031125
2019-08-21,1558.76,1387.79,1234.94,789.68,-0.013941
2019-08-28,1665.35,1449.61,1289.67,791.43,0.025597
2019-09-04,1658.88,1447.94,1289.16,803.9,0.032164
2019-09-11,1652.82,1467.93,1305.25,818.05,0.049789
2019-09-18,1672.87,1485.84,1314.89,821.28,0.070652
2019-09-25,1659.85,1477.98,1303.31,807.38,0.019571
2019-10-02,1653.01,1464.55,1295.57,808.7,0.011471
2019-10-09,1644.65,1463.75,1298.89,805.93,-0.002848
2019-10-16,1642.61,1463.8,1294.12,798.01,-0.014833
2019-10-23,1617.4,1430.39,1267.12,772.6,-0.032199
2019-10-30,1641.56,1464.24,1297.53,801.57,-0.000212
2019-11-06,1612.68,1470.4,1317.67,802.09,0.004543
2019-11-13,1656.72,1482.31,1313.64,789.14,0.012645
2019-11-20,1655.45,1477.97,1299.33,763.86,0.033264
2019-11-27,1672.55,1496.61,1313.85,794.97,0.022107
2019-12-04,1664.23,1500.63,1330.32,799.69,0.020559
2019-12-11,1667.25,1504.76,1344.78,807.47,0.015145
2019-12-18,1663.29,1492.99,1314.57,807.72,0.010163
2019-12-25,1664.48,1486.72,1306.54,800.78,-0.006608
2020-01-01,1680.53,1514.6,1343.88,831.57,0.009309
2020-01-08,1669.09,1495.75,1326.81,821.23,-0.005988
2020-01-15,1666.14,1480.9,1302.17,805.37,-0.008098
2020-01-22,1624.4,1434.86,1249.91,718.28,-0.034882
2020-01-29,1637.85,1445.26,1252.67,755.36,-0.045781
2020-02-05,1594.16,1423.49,1229.62,729.52,-0.04831
2020-02-12,1610.44,1419.73,1221.59,710.39,-0.041306
2020-02-19,1578.27,1403.22,1196.77,668.84,-0.022051
2020-02-26,1596.1,1404.65,1190.57,683.82,-0.028099
2020-03-04,1513.09,1336.51,1130.42,625.97,-0.061103
2020-03-11,1480.11,1276.53,1075.7,565.63,-0.100864
2020-03-18,1412.59,1204.54,1032.12,518.67,-0.141589
2020-03-25,1381.34,1148.35,999.45,491.99,-0.182465
2020-04-01,1366.12,1162.33,1007.29,483.43,-0.130325
2020-04-08,1358.19,1149.58,993.0,462.57,-0.099449
2020-04-15,1340.28,1122.88,961.18,444.81,-0.067794
2020-04-22,1309.62,1092.71,916.72,428.13,-0.048452
2020-04-29,1322.74,1117.97,936.78,424.23,-0.038165
2020-05-06,1368.07,1154.63,979.07,457.24,0.004393
2020-05-13,1378.04,1187.81,1002.38,493.09,0.057825
2020-05-20,1396.21,1211.07,1017.91,537.06,0.108318
2020-05-27,1427.66,1245.76,1049.98,536.57,0.114305
2020-06-03,1471.46,1286.25,1083.28,604.22,0.113993
2020-06-10,1476.54,1285.08,1087.7,583.57,0.08189
2020-06-17,1467.93,1281.39,1080.02,591.15,0.058064
2020-06-24,1465.2,1267.73,1067.81,613.88,0.017636
2020-07-01,1486.4,1283.13,1086.87,614.09,-0.002426
2020-07-08,1469.31,1280.74,1085.1,632.43,-0.003377
2020-07-15,1480.51,1286.69,1089.21,606.82,0.004136
2020-07-22,1446.57,1253.91,1063.88,606.06,-0.010901
2020-07-29,1495.41,1284.81,1093.57,605.09,0.001309
2020-08-05,1463.07,1292.23,1096.76,625.23,0.008971
2020-08-12,1480.28,1288.27,1087.03,598.31,0.001228
2020-08-19,1452.23,1268.99,1067.4,594.65,0.012026
2020-08-26,1469.27,1265.58,1056.99,560.13,-0.014967
2020-09-02,1473.87,1274.85,1068.97,590.08,-0.01345
2020-09-09,1439.31,1259.47,1049.66,579.87,-0.022356
2020-09-16,1437.71,1249.75,1043.47,564.14,-0.015162
2020-09-23,1445.39,1233.64,1012.33,513.18,-0.025237
2020-09-30,1459.93,1263.25,1044.43,547.15,-0.009099
2020-10-07,1438.29,1265.02,1050.3,542.64,0.004407
2020-10-14,1453.49,1255.86,1042.07,533.41,0.004889
2020-10-21,1424.63,1222.54,1009.51,505.38,-0.008998
2020-10-28,1446.49,1249.78,1034.81,526.02,-0.010663
2020-11-04,1437.61,1250.13,1041.5,537.25,-0.011771
2020-11-11,1460.2,1263.0,1051.97,545.17,0.005685
2020-11-18,1443.54,1264.54,1056.56,547.25,0.034355
2020-11-25,1465.6,1271.26,1069.43,564.85,0.017187
2020-12-02,1503.32,1310.45,1106.6,606.89,0.048251
2020-12-09,1525.43,1343.02,1136.38,636.72,0.063357
2020-12-16,1547.14,1348.23,1148.69,658.46,0.066182
2020-12-23,1521.16,1320.98,1123.2,633.06,0.039111
2020-12-30,1558.43,1360.87,1157.83,664.04,0.038475
2021-01-06,1543.31,1365.75,1163.02,668.95,0.016925
2021-01-13,1536.25,1371.88,1170.57,679.91,0.017542
2021-01-20,1502.39,1335.74,1134.51,657.16,0.011174
2021-01-27,1521.61,1352.37,1150.3,659.46,-0.006246
2021-02-03,1544.7,1383.92,1182.7,691.7,0.013304
2021-02-10,1571.12,1406.87,1210.31,703.89,0.025505
2021-02-17,1555.79,1399.86,1199.14,702.5,0.048003
2021-02-24,1597.51,1427.07,1224.38,719.44,0.055236
2021-03-03,1642.63,1469.27,1265.67,741.74,0.061673
2021-03-10,1647.16,1483.75,1275.42,747.54,0.054646
2021-03-17,1637.36,1475.17,1263.96,743.74,0.053798
2021-03-24,1596.91,1432.06,1220.69,683.97,0.003497
2021-03-31,1634.82,1457.69,1230.86,711.69,-0.007881
2021-04-07,1610.15,1457.02,1240.32,712.43,-0.018015
2021-04-14,1626.41,1457.76,1233.32,705.87,-0.011802
2021-04-21,1609.34,1440.67,1222.47,708.1,0.006012
2021-04-28,1653.29,1474.19,1245.29,730.44,0.011319
2021-05-05,1673.9,1509.16,1284.36,760.14,0.035785
2021-05-12,1672.02,1506.23,1281.83,744.19,0.03325
2021-05-19,1642.93,1487.62,1273.0,749.35,0.032589
2021-05-26,1655.67,1483.36,1268.65,737.75,0.00622
2021-06-02,1705.73,1535.58,1320.79,790.64,0.017506
2021-06-09,1697.83,1529.47,1316.47,775.5,0.015429
2021-06-16,1713.73,1544.24,1333.01,787.48,0.038061
2021-06-23,1686.23,1527.85,1317.27,789.31,0.029993
2021-06-30,1755.64,1580.5,1349.14,804.94,0.029253
2021-07-07,1740.07,1585.63,1362.39,803.21,0.036719
2021-07-14,1744.79,1579.31,1355.98,796.82,0.02271
2021-07-21,1690.55,1536.07,1320.91,771.24,0.00538
2021-07-28,1750.8,1579.59,1348.97,781.9,-0.000576
2021-08-04,1741.23,1582.7,1359.0,804.77,-0.001848
2021-08-11,1722.8,1564.33,1338.89,782.13,-0.009485
2021-08-18,1709.26,1556.28,1332.87,785.42,0.013157
