구분,고급휘발유,보통휘발유,자동차용경유,실내등유,보일러등유
10년01월1주,1701.33,1584.14,1360.57,906.21,904.83
10년01월2주,1712.71,1597.16,1373.69,917.94,910.17
10년01월3주,1703.21,1583.76,1352.68,889.68,883.62
10년01월4주,1667.09,1556.60,1317.67,859.49,852.05
10년02월1주,1690.77,1570.51,1321.05,863.52,857.56
10년02월2주,1690.33,1579.44,1327.14,862.33,857.21
10년02월3주,1679.33,1568.40,1328.53,854.38,845.49
10년02월4주,1683.33,1574.61,1334.09,858.88,854.14
10년03월1주,1707.52,1599.75,1362.11,890.95,885.56
10년03월2주,1725.14,1612.36,1375.26,898.51,892.06
10년03월3주,1734.82,1620.30,1385.63,906.35,897.86
10년03월4주,1722.69,1616.00,1378.00,902.66,897.19
10년03월5주,1712.43,1604.81,1362.46,890.74,882.32
10년04월1주,1741.92,1637.76,1406.90,933.45,927.22
10년04월2주,1749.20,1643.46,1423.42,952.97,944.88
10년04월3주,1738.81,1633.59,1420.85,950.24,939.26
10년04월4주,1729.67,1615.59,1401.80,932.88,924.11
10년05월1주,1743.70,1644.65,1435.37,965.55,957.47
10년05월2주,1745.18,1633.35,1436.79,964.54,953.39
10년05월3주,1707.81,1602.87,1410.00,935.26,927.19
10년05월4주,1665.20,1564.64,1366.65,894.06,887.66
10년06월1주,1675.58,1568.35,1368.17,900.14,893.00
10년06월2주,1700.01,1598.92,1399.44,937.71,926.84
10년06월3주,1714.42,1612.85,1414.59,948.90,938.70
10년06월4주,1727.69,1621.28,1417.99,950.64,941.52
10년06월5주,1711.72,1615.57,1410.13,944.08,935.41
10년07월1주,1716.28,1618.16,1424.84,955.24,947.68
10년07월2주,1685.12,1589.63,1387.97,915.16,907.47
10년07월3주,1687.61,1589.89,1383.59,911.56,902.41
10년07월4주,1686.76,1584.29,1374.34,908.35,902.74
10년08월1주,1698.69,1604.92,1411.00,943.53,928.07
10년08월2주,1705.37,1608.32,1420.32,953.48,941.28
10년08월3주,1687.97,1588.82,1401.52,931.35,917.65
10년08월4주,1658.09,1561.91,1367.36,893.44,887.62
10년09월1주,1660.57,1556.74,1358.49,890.96,883.83
10년09월2주,1690.56,1582.35,1403.63,929.31,925.39
10년09월3주,1674.83,1575.66,1390.29,926.28,918.93
10년09월4주,1677.71,1574.10,1384.30,919.73,908.22
10년09월5주,1669.16,1562.61,1364.28,903.39,899.99
10년10월1주,1687.09,1586.44,1400.82,934.45,929.23
10년10월2주,1701.54,1601.78,1422.63,961.07,950.44
10년10월3주,1718.72,1615.47,1426.51,967.48,957.63
10년10월4주,1696.90,1593.64,1395.47,936.07,930.97
10년11월1주,1698.81,1592.92,1395.54,940.01,938.38
10년11월2주,1715.01,1613.15,1426.05,967.78,961.77
10년11월3주,1726.96,1621.90,1434.26,980.56,974.79
10년11월4주,1734.83,1629.38,1433.65,967.90,967.35
10년12월1주,1738.63,1627.49,1425.58,967.34,965.25
10년12월2주,1781.02,1673.19,1477.48,1022.99,1018.90
10년12월3주,1813.46,1705.32,1508.28,1047.78,1043.23
10년12월4주,1793.96,1714.20,1510.47,1049.69,1047.28
10년12월5주,1804.67,1696.71,1486.03,1023.40,1015.54
11년01월1주,1862.80,1733.40,1520.10,1059.55,1060.22
11년01월2주,1854.68,1740.35,1536.16,1068.98,1065.97
11년01월3주,1852.28,1737.52,1537.04,1076.36,1074.59
11년01월4주,1851.87,1737.03,1539.13,1088.29,1089.50
11년02월1주,1835.13,1721.72,1526.04,1076.05,1069.44
11년02월2주,1855.95,1745.47,1555.48,1114.39,1111.58
11년02월3주,1855.41,1741.77,1571.76,1108.62,1107.61
11년02월4주,1862.95,1753.65,1587.59,1106.77,1105.31
11년03월1주,1889.47,1789.89,1618.31,1137.37,1135.15
11년03월2주,1961.27,1841.81,1680.88,1189.34,1184.07
11년03월3주,1966.39,1847.18,1689.94,1206.40,1203.91
11년03월4주,1948.27,1834.77,1699.31,1217.94,1218.79
11년03월5주,1929.13,1831.61,1695.22,1214.70,1217.02
11년04월1주,1954.81,1817.26,1689.62,1227.33,1233.13
11년04월2주,1937.72,1814.87,1689.57,1233.94,1225.46
11년04월3주,1936.56,1813.49,1687.62,1244.62,1241.50
11년04월4주,1938.56,1824.01,1675.97,1229.43,1241.79
11년05월1주,1974.17,1846.04,1682.93,1266.80,1284.46
11년05월2주,1954.44,1838.20,1628.40,1232.68,1225.20
11년05월3주,1920.07,1801.22,1589.46,1205.50,1204.02
11년05월4주,1885.95,1771.50,1588.27,1189.27,1184.99
11년06월1주,1875.46,1762.01,1585.98,1174.37,1196.81
11년06월2주,1896.92,1768.65,1598.44,1200.36,1222.55
11년06월3주,1883.04,1784.18,1624.56,1211.82,1216.53
11년06월4주,1883.28,1785.26,1633.01,1219.37,1242.57
11년06월5주,1883.40,1763.95,1592.67,1187.65,1230.82
11년07월1주,1879.35,1761.75,1591.25,1174.76,-
11년07월2주,1916.21,1811.06,1624.68,1179.19,-
11년07월3주,1923.78,1833.23,1651.25,1191.51,-
11년07월4주,1922.82,1825.21,1652.32,1192.21,-
11년08월1주,1941.12,1829.67,1649.47,1195.83,-
11년08월2주,1920.05,1821.97,1634.00,1177.01,-
11년08월3주,1895.00,1802.09,1608.15,1152.35,-
11년08월4주,1900.13,1807.89,1599.75,1148.04,-
11년08월5주,1912.48,1808.09,1584.89,1140.83,-
11년09월1주,1964.86,1865.61,1641.50,1182.71,-
11년09월2주,1961.84,1860.08,1632.10,1163.14,-
11년09월3주,1969.42,1863.54,1636.29,1169.06,-
11년09월4주,1968.53,1864.89,1639.08,1171.92,-
11년10월1주,1992.42,1891.02,1676.74,1209.07,-
11년10월2주,1999.50,1897.97,1670.68,1211.22,-
11년10월3주,2007.39,1903.13,1670.28,1219.36,-
11년10월4주,1971.95,1872.38,1650.63,1204.39,-
11년11월1주,1958.36,1850.28,1639.34,1192.59,-
11년11월2주,1934.12,1832.31,1684.41,1224.97,-
11년11월3주,1929.22,1827.01,1698.88,1230.49,-
11년11월4주,1899.99,1793.26,1706.61,1233.58,-
11년11월5주,1869.54,1759.75,1667.27,1201.92,-
11년12월1주,1895.34,1785.92,1692.56,1227.19,-
11년12월2주,1888.82,1783.29,1659.80,1191.17,-
11년12월3주,1899.83,1798.18,1669.61,1195.63,-
11년12월4주,1892.28,1781.95,1629.95,1173.96,-
12년01월1주,1958.79,1841.99,1695.54,1215.93,-
12년01월2주,1987.17,1870.03,1722.91,1233.86,-
12년01월3주,1998.43,1893.25,1746.22,1255.34,-
12년01월4주,1992.01,1881.37,1725.78,1233.64,-
12년02월1주,1981.16,1859.65,1695.83,1203.13,-
12년02월2주,2009.36,1891.73,1720.02,1226.53,-
12년02월3주,2011.83,1899.27,1723.23,1228.59,-
12년02월4주,2046.78,1932.37,1748.53,1261.05,-
12년02월5주,2046.13,1923.30,1725.20,1243.43,-
12년03월1주,2065.83,1959.49,1759.77,1287.12,-
12년03월2주,2072.03,1956.91,1744.12,1265.68,-
12년03월3주,2070.07,1961.16,1747.75,1267.34,-
12년03월4주,2067.54,1957.04,1742.25,1265.14,-
12년04월1주,2106.36,1997.45,1783.14,1307.94,-
12년04월2주,2091.13,1987.03,1766.28,1289.72,-
12년04월3주,2076.33,1973.05,1754.68,1277.42,-
12년04월4주,2035.20,1937.51,1723.79,1257.77,-
12년05월1주,2037.95,1922.76,1711.19,1242.69,-
12년05월2주,2018.59,1922.21,1723.21,1251.72,-
12년05월3주,1979.64,1876.34,1678.68,1209.38,-
12년05월4주,1968.10,1871.18,1683.15,1210.78,-
12년05월5주,1964.39,1848.66,1656.36,1183.44,-
12년06월1주,1968.93,1870.59,1682.97,1209.58,-
12년06월2주,1915.76,1818.27,1640.82,1164.47,-
12년06월3주,1882.71,1789.21,1635.52,1151.51,-
12년06월4주,1810.29,1703.96,1564.75,1092.62,-
12년07월1주,1829.99,1730.69,1607.17,1122.23,-
12년07월2주,1876.70,1765.64,1628.68,1143.26,-
12년07월3주,1903.75,1796.16,1656.37,1170.00,-
12년07월4주,1927.42,1824.87,1665.21,1187.36,-
12년08월1주,1926.13,1819.98,1649.31,1174.91,-
12년08월2주,1970.54,1867.57,1695.33,1218.00,-
12년08월3주,2020.74,1911.45,1717.20,1237.25,-
12년08월4주,2051.61,1951.08,1762.32,1278.52,-
12년08월5주,2004.43,1897.45,1713.27,1239.45,-
12년09월1주,2019.40,1907.48,1768.86,1291.79,-
12년09월2주,2002.87,1896.06,1774.88,1307.15,-
12년09월3주,1997.88,1888.50,1752.39,1286.75,-
12년09월4주,1958.54,1859.86,1701.90,1239.85,-
12년10월1주,1954.15,1830.37,1645.20,1219.64,-
12년10월2주,1999.07,1885.97,1721.40,1259.37,-
12년10월3주,2011.81,1891.26,1720.70,1258.62,-
12년10월4주,1950.16,1838.80,1691.53,1224.03,-
12년10월5주,1899.73,1772.02,1635.56,1180.23,-
12년11월1주,1923.55,1806.64,1686.98,1218.51,-
12년11월2주,1903.46,1789.57,1647.35,1171.52,-
12년11월3주,1918.18,1806.42,1651.23,1182.32,-
12년11월4주,1934.71,1805.51,1627.90,1159.81,-
12년12월1주,1948.07,1823.43,1665.57,1189.39,-
12년12월2주,1923.71,1805.77,1663.15,1178.75,-
12년12월3주,1910.26,1799.57,1647.72,1164.12,-
12년12월4주,1899.18,1785.11,1622.59,1158.06,-
13년01월1주,1909.15,1780.27,1602.36,1143.52,-
13년01월2주,1953.25,1834.49,1658.94,1197.86,-
13년01월3주,1945.81,1829.60,1661.94,1207.50,-
13년01월4주,1918.37,1813.35,1647.39,1199.61,-
13년01월5주,1925.31,1810.95,1630.66,1176.65,-
13년02월1주,1990.41,1878.61,1687.95,1236.35,-
13년02월2주,2040.53,1921.37,1730.38,1266.57,-
13년02월3주,2042.15,1936.44,1733.85,1278.92,-
13년02월4주,2000.68,1890.46,1679.00,1221.96,-
13년03월1주,2013.78,1905.13,1707.10,1247.76,-
13년03월2주,1980.10,1869.75,1649.32,1198.91,-
13년03월3주,1968.84,1861.17,1650.89,1194.04,-
13년03월4주,1949.44,1831.25,1614.59,1159.38,-
13년04월1주,1982.62,1838.54,1616.03,1152.27,-
13년04월2주,1962.08,1850.59,1652.97,1185.39,-
13년04월3주,1924.00,1806.12,1619.52,1152.54,-
13년04월4주,1862.88,1755.51,1570.95,1111.75,-
13년05월1주,1861.04,1749.68,1560.00,1091.83,-
13년05월2주,1918.85,1787.74,1598.43,1131.94,-
13년05월3주,1903.54,1790.26,1608.01,1130.81,-
13년05월4주,1913.54,1806.89,1615.12,1139.38,-
13년05월5주,1889.05,1766.60,1573.94,1103.18,-
13년06월1주,1943.88,1815.66,1612.85,1137.72,-
13년06월2주,1938.59,1830.84,1624.15,1149.34,-
13년06월3주,1950.84,1842.24,1640.69,1156.24,-
13년06월4주,1916.20,1806.42,1608.99,1127.86,-
13년07월1주,1942.35,1819.68,1611.23,1137.66,-
13년07월2주,1972.85,1857.91,1658.36,1180.00,-
13년07월3주,1994.78,1878.97,1670.32,1191.38,-
13년07월4주,1977.65,1875.48,1654.65,1186.66,-
13년07월5주,1934.54,1805.25,1611.46,1147.58,-
13년08월1주,1892.84,1808.91,1642.94,1194.80,-
13년08월2주,1912.06,1809.52,1644.79,1194.30,-
13년08월3주,1931.71,1828.70,1653.38,1207.91,-
13년08월4주,1907.91,1783.51,1600.04,1171.19,-
13년09월1주,1976.39,1836.20,1650.25,1208.89,-
13년09월2주,1983.92,1853.32,1670.81,1218.21,-
13년09월3주,1954.00,1821.82,1641.09,1189.65,-
13년09월4주,1911.34,1784.07,1598.74,1145.13,-
13년10월1주,1893.40,1752.98,1567.47,1122.66,-
13년10월2주,1906.37,1781.86,1624.52,1158.22,-
13년10월3주,1931.77,1793.36,1644.80,1171.83,-
13년10월4주,1910.28,1780.53,1623.94,1156.39,-
13년10월5주,1848.96,1705.36,1547.63,1093.17,-
13년11월1주,1890.10,1746.50,1606.28,1151.51,-
13년11월2주,1877.44,1750.80,1610.05,1139.46,-
13년11월3주,1911.55,1772.11,1613.80,1147.33,-
13년11월4주,1881.08,1740.34,1579.11,1112.83,-
13년12월1주,1915.93,1768.90,1622.93,1151.51,-
13년12월2주,1932.37,1794.80,1652.94,1178.50,-
13년12월3주,1934.04,1798.30,1639.57,1174.46,-
13년12월4주,1884.47,1759.14,1600.25,1142.38,-
14년01월1주,1913.04,1747.19,1574.39,1119.71,-
14년01월2주,1926.51,1785.84,1612.82,1157.72,-
14년01월3주,1918.75,1783.06,1608.55,1138.79,-
14년01월4주,1920.17,1780.52,1598.99,1130.47,-
14년01월5주,1886.37,1734.41,1549.66,1087.85,-
14년02월1주,1944.72,1778.65,1602.32,1140.30,-
14년02월2주,1928.54,1787.02,1613.76,1144.85,-
14년02월3주,1947.02,1800.95,1614.78,1141.70,-
14년02월4주,1912.91,1769.10,1580.26,1110.68,-
14년03월1주,1910.50,1793.19,1606.83,1141.56,-
14년03월2주,1935.63,1802.01,1610.58,1140.23,-
14년03월3주,1932.67,1796.08,1597.78,1118.41,-
14년03월4주,1900.97,1773.02,1569.15,1093.91,-
14년04월1주,1915.89,1735.86,1554.15,1063.24,-
14년04월2주,1907.62,1774.52,1581.17,1101.62,-
14년04월3주,1925.67,1777.34,1580.57,1098.44,-
14년04월4주,1908.57,1771.94,1564.73,1087.11,-
14년04월5주,1908.84,1759.76,1550.38,1071.24,-
14년05월1주,1911.32,1768.38,1568.64,1095.24,-
14년05월2주,1906.28,1761.56,1563.77,1081.73,-
14년05월3주,1909.46,1766.42,1560.24,1079.32,-
14년05월4주,1881.90,1735.73,1529.29,1038.65,-
14년06월1주,1917.54,1768.94,1551.34,1056.79,-
14년06월2주,1903.01,1760.03,1542.60,1058.77,-
14년06월3주,1890.80,1756.33,1535.82,1053.78,-
14년06월4주,1884.30,1750.90,1536.16,1059.91,-
14년07월1주,1916.49,1758.57,1529.94,1024.82,-
14년07월2주,1934.05,1794.19,1552.97,1029.16,-
14년07월3주,1904.56,1773.46,1529.15,1017.51,-
14년07월4주,1902.41,1762.53,1523.03,1014.18,-
14년07월5주,1862.25,1722.45,1491.59,987.04,-
14년08월1주,1857.31,1730.73,1526.91,1019.04,-
14년08월2주,1830.83,1704.92,1519.34,1014.66,-
14년08월3주,1823.53,1690.77,1506.16,1003.82,-
14년08월4주,1796.87,1666.43,1475.01,976.37,-
14년09월1주,1837.56,1677.68,1488.94,983.79,-
14년09월2주,1831.07,1694.78,1503.05,991.56,-
14년09월3주,1823.29,1681.80,1485.77,984.86,-
14년09월4주,1816.19,1672.90,1472.08,965.92,-
14년10월1주,1815.08,1661.92,1453.95,952.93,-
14년10월2주,1831.10,1695.03,1484.55,980.10,-
14년10월3주,1802.85,1664.73,1459.91,952.61,-
14년10월4주,1754.14,1623.30,1427.25,923.15,-
14년10월5주,1733.51,1585.47,1385.21,884.11,-
14년11월1주,1737.80,1620.72,1422.71,923.47,-
14년11월2주,1727.53,1609.48,1417.47,919.74,-
14년11월3주,1720.84,1585.53,1399.10,910.46,-
14년11월4주,1695.22,1553.68,1368.57,878.53,-
14년12월1주,1692.79,1535.92,1349.19,867.81,-
14년12월2주,1635.52,1504.70,1327.17,836.46,-
14년12월3주,1590.63,1449.46,1284.70,793.91,-
14년12월4주,1537.47,1416.51,1257.62,764.38,-
14년12월5주,1544.17,1379.90,1215.17,718.63,-
15년01월1주,1532.99,1382.63,1223.16,726.12,-
15년01월2주,1462.34,1317.23,1159.08,657.13,-
15년01월3주,1443.67,1302.31,1152.88,645.44,-
15년01월4주,1416.24,1259.02,1106.59,605.70,-
15년02월1주,1496.69,1321.74,1154.26,665.70,-
15년02월2주,1526.80,1380.85,1208.03,716.36,-
15년02월3주,1557.61,1396.78,1224.40,729.93,-
15년02월4주,1562.41,1390.81,1215.59,735.25,-
15년03월1주,1599.92,1433.83,1253.58,761.20,-
15년03월2주,1599.48,1446.07,1246.22,746.04,-
15년03월3주,1579.09,1433.48,1226.98,719.27,-
15년03월4주,1568.93,1412.94,1204.98,693.00,-
15년04월1주,1578.51,1393.29,1185.03,649.79,-
15년04월2주,1554.64,1418.45,1208.44,697.21,-
15년04월3주,1568.05,1420.74,1210.83,689.94,-
15년04월4주,1599.70,1436.62,1224.74,706.39,-
15년04월5주,1597.46,1430.63,1214.85,701.17,-
15년05월1주,1646.47,1475.06,1249.08,736.15,-
15년05월2주,1650.15,1498.68,1276.02,758.55,-
15년05월3주,1639.57,1508.36,1277.43,762.83,-
15년05월4주,1655.03,1496.10,1258.65,742.43,-
15년06월1주,1652.60,1478.31,1237.53,730.29,-
15년06월2주,1651.08,1515.09,1263.15,736.76,-
15년06월3주,1662.85,1523.57,1260.57,741.00,-
15년06월4주,1660.31,1511.02,1249.05,731.90,-
15년07월1주,1648.34,1475.10,1215.04,705.46,-
15년07월2주,1638.48,1483.64,1222.60,708.84,-
15년07월3주,1612.40,1473.03,1203.29,684.29,-
15년07월4주,1634.23,1476.73,1209.33,695.68,-
15년07월5주,1604.00,1441.91,1166.00,665.13,-
15년08월1주,1604.22,1457.41,1177.18,667.29,-
15년08월2주,1567.57,1439.87,1152.38,640.76,-
15년08월3주,1603.61,1437.68,1154.78,642.62,-
15년08월4주,1539.07,1387.54,1113.77,612.17,-
15년09월1주,1535.05,1378.60,1120.55,607.48,-
15년09월2주,1552.47,1416.10,1171.17,651.55,-
15년09월3주,1559.21,1405.23,1164.58,649.01,-
15년09월4주,1538.78,1395.67,1153.83,642.19,-
15년09월5주,1546.49,1382.59,1142.64,632.74,-
15년10월1주,1564.86,1417.60,1171.39,661.12,-
15년10월2주,1550.02,1397.13,1159.72,649.72,-
15년10월3주,1538.08,1382.34,1145.63,637.09,-
15년10월4주,1499.01,1339.32,1111.52,607.41,-
15년11월1주,1505.52,1358.70,1138.52,626.44,-
15년11월2주,1499.69,1343.75,1136.88,614.69,-
15년11월3주,1467.44,1332.78,1129.54,623.65,-
15년11월4주,1450.88,1312.76,1113.46,609.65,-
15년12월1주,1472.54,1306.67,1106.14,609.33,-
15년12월2주,1454.10,1313.77,1105.35,592.16,-
15년12월3주,1458.59,1304.67,1084.86,575.12,-
15년12월4주,1458.33,1302.08,1053.37,549.08,-
15년12월5주,1420.29,1273.16,1010.93,518.78,-
16년01월1주,1455.86,1308.92,1044.77,536.72,-
16년01월2주,1449.69,1291.74,1000.88,501.86,-
16년01월3주,1413.93,1262.10,964.68,470.12,-
16년01월4주,1393.49,1248.29,943.17,460.55,-
16년02월1주,1409.08,1251.33,977.97,471.86,-
16년02월2주,1398.87,1238.42,975.79,492.31,-
16년02월3주,1360.61,1215.76,980.65,494.73,-
16년02월4주,1398.56,1243.85,1010.04,505.54,-
16년03월1주,1390.65,1225.75,999.30,492.88,-
16년03월2주,1400.06,1268.37,1043.30,549.96,-
16년03월3주,1439.65,1289.54,1057.02,549.04,-
16년03월4주,1447.69,1295.93,1059.08,556.26,-
16년03월5주,1435.32,1263.15,1006.06,520.96,-
16년04월1주,1435.18,1286.67,1027.65,538.11,-
16년04월2주,1426.47,1279.25,1022.79,528.00,-
16년04월3주,1425.08,1280.02,1033.34,531.69,-
16년04월4주,1440.01,1281.37,1045.97,548.32,-
16년05월1주,1447.60,1299.61,1066.43,570.17,-
16년05월2주,1457.18,1308.14,1085.66,582.14,-
16년05월3주,1463.87,1321.98,1104.40,595.79,-
16년05월4주,1480.49,1341.04,1117.86,608.08,-
16년06월1주,1438.64,1315.17,1087.98,581.65,-
16년06월2주,1522.73,1368.38,1154.21,660.42,-
16년06월3주,1495.58,1349.82,1145.62,632.17,-
16년06월4주,1495.16,1349.93,1151.51,639.56,-
16년06월5주,1475.27,1317.94,1117.38,608.89,-
16년07월1주,1497.97,1348.89,1155.54,640.00,-
16년07월2주,1480.66,1322.99,1138.92,620.88,-
16년07월3주,1441.22,1287.55,1106.69,593.30,-
16년07월4주,1408.53,1260.08,1067.77,574.40,-
16년08월1주,1427.83,1242.40,1054.03,557.24,-
16년08월2주,1417.89,1261.87,1063.16,571.90,-
16년08월3주,1408.83,1258.95,1061.29,573.13,-
16년08월4주,1470.30,1308.87,1102.83,587.83,-
16년08월5주,1462.60,1296.54,1077.92,568.34,-
16년09월1주,1483.77,1327.70,1102.37,595.29,-
16년09월2주,1483.74,1328.58,1083.81,585.54,-
16년09월3주,1477.23,1313.47,1079.98,581.91,-
16년09월4주,1462.02,1306.80,1060.86,565.15,-
16년10월1주,1523.07,1341.63,1102.60,598.50,-
16년10월2주,1522.88,1355.09,1123.69,624.55,-
16년10월3주,1519.33,1361.01,1138.01,634.28,-
16년10월4주,1510.15,1353.59,1134.18,623.47,-
16년11월1주,1533.84,1350.11,1131.74,628.46,-
16년11월2주,1518.02,1352.63,1136.44,614.49,-
16년11월3주,1464.01,1320.46,1110.84,595.78,-
16년11월4주,1479.97,1327.47,1110.77,599.42,-
16년11월5주,1501.74,1336.37,1115.73,607.45,-
16년12월1주,1529.40,1379.41,1155.62,648.34,-
16년12월2주,1549.52,1384.41,1162.10,658.83,-
16년12월3주,1552.75,1407.49,1185.46,684.04,-
16년12월4주,1573.14,1425.66,1203.90,702.45,-
17년01월1주,1623.05,1456.35,1230.58,729.81,-
17년01월2주,1624.95,1467.83,1241.74,728.93,-
17년01월3주,1596.02,1442.68,1224.66,713.11,-
17년01월4주,1560.01,1408.85,1171.57,670.25,-
17년02월1주,1552.03,1381.47,1153.71,644.05,-
17년02월2주,1552.20,1398.11,1174.16,663.32,-
17년02월3주,1548.05,1396.99,1177.89,665.08,-
17년02월4주,1588.65,1437.77,1215.69,705.28,-
17년03월1주,1557.73,1408.75,1194.63,679.82,-
17년03월2주,1564.89,1410.12,1209.88,695.57,-
17년03월3주,1552.33,1393.79,1184.96,674.56,-
17년03월4주,1506.62,1368.74,1151.16,641.00,-
17년03월5주,1485.80,1324.51,1109.49,582.49,-
17년04월1주,1539.03,1378.50,1163.07,640.45,-
17년04월2주,1555.31,1395.72,1180.25,642.80,-
17년04월3주,1561.76,1406.81,1188.88,667.02,-
17년04월4주,1557.36,1402.98,1181.57,668.09,-
17년05월1주,1561.37,1361.05,1137.79,603.66,-
17년05월2주,1510.62,1364.91,1148.65,629.16,-
17년05월3주,1521.60,1359.72,1139.75,618.42,-
17년05월4주,1521.83,1374.00,1154.03,638.77,-
17년05월5주,1520.18,1364.88,1135.72,606.91,-
17년06월1주,1529.45,1364.51,1125.47,607.43,-
17년06월2주,1507.32,1348.63,1110.97,585.99,-
17년06월3주,1494.11,1341.68,1113.26,596.07,-
17년06월4주,1485.96,1324.30,1095.95,603.25,-
17년07월1주,1506.52,1359.20,1141.02,625.01,-
17년07월2주,1499.87,1341.92,1139.69,618.75,-
17년07월3주,1501.61,1339.48,1135.52,610.76,-
17년07월4주,1480.46,1341.86,1138.87,614.41,-
17년08월1주,1509.85,1341.13,1136.44,616.08,-
17년08월2주,1540.70,1383.64,1181.17,649.79,-
17년08월3주,1540.85,1381.16,1166.97,648.95,-
17년08월4주,1542.77,1386.70,1157.57,643.13,-
17년08월5주,1535.40,1375.25,1138.16,630.71,-
17년09월1주,1565.73,1410.34,1160.26,652.44,-
17년09월2주,1557.41,1407.73,1176.26,663.45,-
17년09월3주,1560.65,1423.27,1199.64,677.20,-
17년09월4주,1584.32,1417.52,1196.03,678.68,-
17년10월1주,1590.64,1433.34,1209.73,688.15,-
17년10월2주,1572.56,1419.97,1210.13,690.94,-
17년10월3주,1553.88,1408.29,1199.25,678.33,-
17년10월4주,1528.97,1389.82,1184.40,675.90,-
17년11월1주,1553.77,1398.16,1197.39,679.15,-
17년11월2주,1600.50,1445.57,1231.42,723.35,-
17년11월3주,1595.55,1447.56,1230.35,731.82,-
17년11월4주,1614.70,1453.67,1235.43,729.69,-
17년11월5주,1591.37,1442.30,1222.76,721.17,-
17년12월1주,1611.92,1459.87,1246.62,742.57,-
17년12월2주,1595.07,1453.33,1244.31,732.78,-
17년12월3주,1591.96,1445.06,1237.08,730.36,-
17년12월4주,1587.74,1437.11,1214.37,712.46,-
18년01월1주,1615.66,1448.66,1237.83,743.36,-
18년01월2주,1618.52,1461.08,1262.94,751.39,-
18년01월3주,1619.15,1465.46,1267.92,751.34,-
18년01월4주,1600.94,1449.82,1256.40,752.38,-
18년01월5주,1612.20,1465.85,1271.52,776.66,-
18년02월1주,1613.76,1470.35,1280.37,771.12,-
18년02월2주,1612.28,1461.45,1270.17,768.17,-
18년02월3주,1597.27,1449.38,1258.38,756.97,-
18년02월4주,1573.26,1421.05,1230.32,734.58,-
18년03월1주,1590.39,1452.62,1259.63,772.48,-
18년03월2주,1585.82,1438.70,1242.09,756.94,-
18년03월3주,1586.37,1438.86,1244.60,748.83,-
18년03월4주,1581.73,1425.61,1224.73,730.09,-
18년04월1주,1617.36,1462.11,1272.48,773.62,-
18년04월2주,1617.66,1466.08,1275.19,773.06,-
18년04월3주,1618.72,1469.63,1282.55,778.21,-
18년04월4주,1621.95,1474.91,1286.98,786.45,-
18년05월1주,1624.41,1465.72,1269.18,781.45,-
18년05월2주,1654.86,1509.04,1328.70,827.33,-
18년05월3주,1654.85,1514.93,1331.48,829.58,-
18년05월4주,1684.07,1544.86,1350.99,846.54,-
18년05월5주,1668.71,1516.56,1308.38,808.81,-
18년06월1주,1680.27,1532.11,1337.24,829.75,-
18년06월2주,1656.09,1513.55,1320.62,812.63,-
18년06월3주,1656.60,1512.70,1322.68,814.02,-
18년06월4주,1627.34,1475.74,1284.37,783.28,-
18년07월1주,1655.16,1518.91,1334.60,832.45,-
18년07월2주,1665.80,1530.41,1345.12,835.81,-
18년07월3주,1678.79,1534.94,1347.79,842.62,-
18년07월4주,1659.26,1520.44,1334.49,825.46,-
18년08월1주,1669.36,1512.73,1314.71,823.99,-
18년08월2주,1679.68,1540.17,1353.30,847.03,-
18년08월3주,1680.94,1542.97,1350.99,837.88,-
18년08월4주,1686.91,1543.41,1352.34,839.08,-
18년08월5주,1670.92,1519.27,1316.79,816.35,-
18년09월1주,1691.50,1561.79,1375.44,856.71,-
18년09월2주,1717.65,1579.45,1394.88,877.24,-
18년09월3주,1720.38,1576.23,1390.00,875.63,-
18년09월4주,1715.81,1563.44,1374.48,861.73,-
18년10월1주,1709.79,1570.80,1385.22,879.82,-
18년10월2주,1747.85,1608.93,1441.68,913.52,-
18년10월3주,1742.29,1606.07,1436.50,920.12,-
18년10월4주,1717.00,1580.92,1416.44,900.77,-
18년10월5주,1693.70,1548.58,1388.00,879.78,-
18년11월1주,1577.81,1443.22,1317.86,884.06,-
18년11월2주,1485.99,1357.85,1256.81,856.16,-
18년11월3주,1458.11,1318.68,1224.28,823.94,-
18년11월4주,1396.49,1235.10,1146.93,759.98,-
18년12월1주,1409.64,1261.05,1167.35,779.01,-
18년12월2주,1405.65,1246.14,1150.94,760.84,-
18년12월3주,1395.67,1235.19,1136.08,742.90,-
18년12월4주,1367.53,1212.15,1108.73,719.59,-
19년01월1주,1376.00,1189.38,1076.76,684.42,-
19년01월2주,1377.44,1223.75,1121.24,724.83,-
19년01월3주,1398.46,1237.53,1138.70,736.09,-
19년01월4주,1408.08,1246.64,1148.69,744.36,-
19년01월5주,1407.86,1236.36,1136.14,736.09,-
19년02월1주,1390.11,1236.97,1151.37,741.70,-
19년02월2주,1405.28,1248.06,1161.26,753.51,-
19년02월3주,1424.52,1259.06,1169.40,761.76,-
19년02월4주,1404.06,1257.50,1169.83,758.53,-
19년03월1주,1440.89,1299.51,1209.69,796.32,-
19년03월2주,1467.52,1316.10,1221.63,807.25,-
19년03월3주,1479.98,1326.06,1215.12,798.33,-
19년03월4주,1472.37,1320.95,1188.68,773.91,-
19년04월1주,1473.59,1323.10,1178.74,784.87,-
19년04월2주,1500.95,1365.75,1227.42,831.05,-
19년04월3주,1533.97,1392.60,1234.98,828.87,-
19년04월4주,1545.39,1409.00,1243.48,831.18,-
19년05월1주,1538.39,1403.66,1227.68,817.01,-
19년05월2주,1642.88,1465.65,1286.87,840.62,-
19년05월3주,1643.27,1463.77,1292.52,841.40,-
19년05월4주,1660.65,1474.15,1304.90,852.30,-
19년05월5주,1644.29,1444.38,1270.27,811.50,-
19년06월1주,1674.41,1448.03,1285.13,836.45,-
19년06월2주,1574.78,1392.68,1235.89,806.67,-
19년06월3주,1578.32,1384.25,1233.06,796.26,-
19년06월4주,1534.16,1369.29,1221.61,777.66,-
19년07월1주,1585.96,1362.90,1205.39,780.40,-
19년07월2주,1612.42,1416.69,1260.42,811.14,-
19년07월3주,1595.09,1426.90,1265.22,809.91,-
19년07월4주,1618.87,1443.23,1266.85,810.76,-
19년07월5주,1593.92,1407.41,1240.31,790.59,-
19년08월1주,1596.63,1413.43,1264.81,814.41,-
19년08월2주,1583.09,1402.82,1253.01,800.83,-
19년08월3주,1558.34,1398.31,1251.49,800.36,-
19년08월4주,1558.76,1387.79,1234.94,789.68,-
19년09월1주,1665.35,1449.61,1289.67,791.43,-
19년09월2주,1658.88,1447.94,1289.16,803.90,-
19년09월3주,1652.82,1467.93,1305.25,818.05,-
19년09월4주,1672.87,1485.84,1314.89,821.28,-
19년10월1주,1659.85,1477.98,1303.31,807.38,-
19년10월2주,1653.01,1464.55,1295.57,808.70,-
19년10월3주,1644.65,1463.75,1298.89,805.93,-
19년10월4주,1642.61,1463.80,1294.12,798.01,-
19년10월5주,1617.40,1430.39,1267.12,772.60,-
19년11월1주,1641.56,1464.24,1297.53,801.57,-
19년11월2주,1612.68,1470.40,1317.67,802.09,-
19년11월3주,1656.72,1482.31,1313.64,789.14,-
19년11월4주,1655.45,1477.97,1299.33,763.86,-
19년12월1주,1672.55,1496.61,1313.85,794.97,-
19년12월2주,1664.23,1500.63,1330.32,799.69,-
19년12월3주,1667.25,1504.76,1344.78,807.47,-
19년12월4주,1663.29,1492.99,1314.57,807.72,-
20년01월1주,1664.48,1486.72,1306.54,800.78,-
20년01월2주,1680.53,1514.60,1343.88,831.57,-
20년01월3주,1669.09,1495.75,1326.81,821.23,-
20년01월4주,1666.14,1480.90,1302.17,805.37,-
20년01월5주,1624.40,1434.86,1249.91,718.28,-
20년02월1주,1637.85,1445.26,1252.67,755.36,-
20년02월2주,1594.16,1423.49,1229.62,729.52,-
20년02월3주,1610.44,1419.73,1221.59,710.39,-
20년02월4주,1578.27,1403.22,1196.77,668.84,-
20년03월1주,1596.10,1404.65,1190.57,683.82,-
20년03월2주,1513.09,1336.51,1130.42,625.97,-
20년03월3주,1480.11,1276.53,1075.70,565.63,-
20년03월4주,1412.59,1204.54,1032.12,518.67,-
20년04월1주,1381.34,1148.35,999.45,491.99,-
20년04월2주,1366.12,1162.33,1007.29,483.43,-
20년04월3주,1358.19,1149.58,993.00,462.57,-
20년04월4주,1340.28,1122.88,961.18,444.81,-
20년04월5주,1309.62,1092.71,916.72,428.13,-
20년05월1주,1322.74,1117.97,936.78,424.23,-
20년05월2주,1368.07,1154.63,979.07,457.24,-
20년05월3주,1378.04,1187.81,1002.38,493.09,-
20년05월4주,1396.21,1211.07,1017.91,537.06,-
20년06월1주,1427.66,1245.76,1049.98,536.57,-
20년06월2주,1471.46,1286.25,1083.28,604.22,-
20년06월3주,1476.54,1285.08,1087.70,583.57,-
20년06월4주,1467.93,1281.39,1080.02,591.15,-
20년07월1주,1465.20,1267.73,1067.81,613.88,-
20년07월2주,1486.40,1283.13,1086.87,614.09,-
20년07월3주,1469.31,1280.74,1085.10,632.43,-
20년07월4주,1480.51,1286.69,1089.21,606.82,-
20년07월5주,1446.57,1253.91,1063.88,606.06,-
20년08월1주,1495.41,1284.81,1093.57,605.09,-
20년08월2주,1463.07,1292.23,1096.76,625.23,-
20년08월3주,1480.28,1288.27,1087.03,598.31,-
20년08월4주,1452.23,1268.99,1067.40,594.65,-
20년09월1주,1469.27,1265.58,1056.99,560.13,-
20년09월2주,1473.87,1274.85,1068.97,590.08,-
20년09월3주,1439.31,1259.47,1049.66,579.87,-
20년09월4주,1437.71,1249.75,1043.47,564.14,-
20년09월5주,1445.39,1233.64,1012.33,513.18,-
20년10월1주,1459.93,1263.25,1044.43,547.15,-
20년10월2주,1438.29,1265.02,1050.30,542.64,-
20년10월3주,1453.49,1255.86,1042.07,533.41,-
20년10월4주,1424.63,1222.54,1009.51,505.38,-
20년11월1주,1446.49,1249.78,1034.81,526.02,-
20년11월2주,1437.61,1250.13,1041.50,537.25,-
20년11월3주,1460.20,1263.00,1051.97,545.17,-
20년11월4주,1443.54,1264.54,1056.56,547.25,-
20년12월1주,1465.60,1271.26,1069.43,564.85,-
20년12월2주,1503.32,1310.45,1106.60,606.89,-
20년12월3주,1525.43,1343.02,1136.38,636.72,-
20년12월4주,1547.14,1348.23,1148.69,658.46,-
20년12월5주,1521.16,1320.98,1123.20,633.06,-
21년01월1주,1558.43,1360.87,1157.83,664.04,-
21년01월2주,1543.31,1365.75,1163.02,668.95,-
21년01월3주,1536.25,1371.88,1170.57,679.91,-
21년01월4주,1502.39,1335.74,1134.51,657.16,-
21년02월1주,1521.61,1352.37,1150.30,659.46,-
21년02월2주,1544.70,1383.92,1182.70,691.70,-
21년02월3주,1571.12,1406.87,1210.31,703.89,-
21년02월4주,1555.79,1399.86,1199.14,702.50,-
21년03월1주,1597.51,1427.07,1224.38,719.44,-
21년03월2주,1642.63,1469.27,1265.67,741.74,-
21년03월3주,1647.16,1483.75,1275.42,747.54,-
21년03월4주,1637.36,1475.17,1263.96,743.74,-
21년03월5주,1596.91,1432.06,1220.69,683.97,-
21년04월1주,1634.82,1457.69,1230.86,711.69,-
21년04월2주,1610.15,1457.02,1240.32,712.43,-
21년04월3주,1626.41,1457.76,1233.32,705.87,-
21년04월4주,1609.34,1440.67,1222.47,708.10,-
21년05월1주,1653.29,1474.19,1245.29,730.44,-
21년05월2주,1673.90,1509.16,1284.36,760.14,-
21년05월3주,1672.02,1506.23,1281.83,744.19,-
21년05월4주,1642.93,1487.62,1273.00,749.35,-
21년06월1주,1655.67,1483.36,1268.65,737.75,-
21년06월2주,1705.73,1535.58,1320.79,790.64,-
21년06월3주,1697.83,1529.47,1316.47,775.50,-
21년06월4주,1713.73,1544.24,1333.01,787.48,-
21년06월5주,1686.23,1527.85,1317.27,789.31,-
21년07월1주,1755.64,1580.50,1349.14,804.94,-
21년07월2주,1740.07,1585.63,1362.39,803.21,-
21년07월3주,1744.79,1579.31,1355.98,796.82,-
21년07월4주,1690.55,1536.07,1320.91,771.24,-
21년08월1주,1750.80,1579.59,1348.97,781.90,-
21년08월2주,1741.23,1582.70,1359.00,804.77,-
21년08월3주,1722.80,1564.33,1338.89,782.13,-
21년08월4주,1709.26,1556.28,1332.87,785.42,-
